{"cameraMode":{"drawMode":0,"name":"Shaded","section":"Shading Mode"},"sceneLighting":true,"audioPlay":false,"sceneViewState":{"m_AlwaysRefresh":false,"showFog":true,"showSkybox":true,"showFlares":true,"showImageEffects":true,"showParticleSystems":true,"showVisualEffectGraphs":true,"m_FxEnabled":true},"in2DMode":false,"pivot":{"x":-5.953574180603027,"y":-3.2053627967834474,"z":-12.718708992004395},"rotation":{"x":0.058410145342350009,"y":-0.932454526424408,"z":0.31037986278533938,"w":0.1757543981075287},"size":3.6635494232177736,"orthographic":false}